{"stats":{"minecraft:used":{"minecraft:moss_block":1,"minecraft:oak_trapdoor":1,"minecraft:nether_brick_fence":1,"minecraft:netherite_sword":6,"minecraft:jigsaw":1,"minecraft:orange_concrete":44,"minecraft:pink_glazed_terracotta":2,"minecraft:dead_bush":1,"minecraft:red_stained_glass":1769,"minecraft:bamboo_sign":27,"minecraft:oak_sign":44,"minecraft:ender_chest":2,"minecraft:purple_glazed_terracotta":3,"minecraft:cherry_planks":1,"minecraft:stone":111,"minecraft:black_glazed_terracotta":3,"minecraft:glow_ink_sac":7,"minecraft:red_glazed_terracotta":7,"minecraft:structure_block":413,"minecraft:netherrack":1,"minecraft:white_wool":6,"minecraft:green_glazed_terracotta":4,"minecraft:bee_spawn_egg":2,"minecraft:sand":31,"minecraft:anvil":3,"minecraft:red_bed":1,"minecraft:crafting_table":1,"minecraft:loom":2,"minecraft:bee_nest":3,"minecraft:end_stone":1,"minecraft:dark_oak_door":2,"minecraft:obsidian":12,"minecraft:glass":63,"minecraft:yellow_dye":1,"minecraft:lava_bucket":27,"minecraft:villager_spawn_egg":6,"minecraft:command_block":43,"minecraft:oak_button":37,"minecraft:white_glazed_terracotta":2,"minecraft:spruce_trapdoor":4,"minecraft:oak_pressure_plate":1,"minecraft:gravel":45,"minecraft:stone_bricks":1,"minecraft:bedrock":2,"minecraft:light_gray_wool":1,"minecraft:diamond_sword":36,"minecraft:brown_carpet":1,"minecraft:cobblestone":2,"minecraft:snow":137,"minecraft:written_book":1,"minecraft:red_concrete_powder":52,"minecraft:furnace":1,"minecraft:stripped_oak_wood":1,"minecraft:gray_wool":1,"minecraft:brown_concrete_powder":4,"minecraft:cobweb":10},"minecraft:dropped":{"minecraft:furnace":1,"minecraft:wheat_seeds":1,"minecraft:oak_pressure_plate":1,"minecraft:netherite_sword":1,"minecraft:lead":1,"minecraft:lava_bucket":1,"minecraft:stone":1,"minecraft:oak_button":1},"minecraft:picked_up":{"minecraft:bee_nest":1,"minecraft:wheat_seeds":1,"minecraft:netherite_sword":1,"minecraft:poppy":1,"minecraft:furnace":1,"minecraft:stone":1,"minecraft:lava_bucket":1,"minecraft:pink_tulip":1,"minecraft:oak_button":1},"minecraft:custom":{"minecraft:interact_with_furnace":2,"minecraft:interact_with_anvil":6,"minecraft:mob_kills":39,"minecraft:interact_with_crafting_table":4,"minecraft:bell_ring":4,"minecraft:leave_game":39,"minecraft:time_since_death":346463,"minecraft:climb_one_cm":177,"minecraft:time_since_rest":346463,"minecraft:open_enderchest":20,"minecraft:sprint_one_cm":140576,"minecraft:walk_one_cm":197206,"minecraft:drop":8,"minecraft:damage_dealt":7064,"minecraft:swim_one_cm":290,"minecraft:talked_to_villager":49,"minecraft:fly_one_cm":5453063,"minecraft:open_chest":15,"minecraft:crouch_one_cm":26346,"minecraft:play_time":348110,"minecraft:deaths":2,"minecraft:sneak_time":19666,"minecraft:walk_under_water_one_cm":13876,"minecraft:jump":576,"minecraft:interact_with_brewingstand":1,"minecraft:walk_on_water_one_cm":10590,"minecraft:total_world_time":385659},"minecraft:killed":{"minecraft:cat":1,"minecraft:husk":29,"minecraft:witch":1,"minecraft:bee":2,"minecraft:drowned":2,"minecraft:camel":3,"minecraft:villager":1}},"DataVersion":3465}