{"stats":{"minecraft:mined":{"minecraft:grass":1,"minecraft:poppy":1,"minecraft:grass_block":3,"minecraft:oak_log":3,"minecraft:oak_sapling":1,"minecraft:dirt":2,"minecraft:oak_leaves":22},"minecraft:dropped":{"minecraft:birch_sign":1,"minecraft:dirt":3,"minecraft:wooden_pickaxe":1,"minecraft:oak_log":1,"minecraft:diamond_pickaxe":1,"minecraft:lava_bucket":3},"minecraft:custom":{"minecraft:crouch_one_cm":2,"minecraft:time_since_rest":8203,"minecraft:open_chest":8,"minecraft:walk_one_cm":12568,"minecraft:play_time":15647,"minecraft:damage_taken":3630,"minecraft:deaths":3,"minecraft:sneak_time":60,"minecraft:drop":10,"minecraft:jump":32,"minecraft:damage_dealt":10,"minecraft:walk_on_water_one_cm":300,"minecraft:time_since_death":8172,"minecraft:total_world_time":15647,"minecraft:fall_one_cm":751,"minecraft:fly_one_cm":805},"minecraft:used":{"minecraft:dirt":11,"minecraft:oak_sapling":2,"minecraft:mangrove_boat":1},"minecraft:picked_up":{"minecraft:stick":2,"minecraft:filled_map":1,"minecraft:lava_bucket":4,"minecraft:birch_sign":2,"minecraft:oak_log":6,"minecraft:poppy":1,"minecraft:oak_sapling":2,"minecraft:moss_block":1,"minecraft:dirt":9}},"DataVersion":3465}