{"stats":{"minecraft:killed_by":{"minecraft:piglin":2,"minecraft:player":1,"minecraft:zombified_piglin":2,"minecraft:creeper":2,"minecraft:enderman":6,"minecraft:zoglin":3},"minecraft:killed":{"minecraft:zombie":3},"minecraft:mined":{"minecraft:oak_sapling":12,"minecraft:red_bed":1,"minecraft:snow_block":12,"minecraft:piglin_head":2,"minecraft:powder_snow":3,"minecraft:crafting_table":2,"minecraft:red_sand":32,"minecraft:chest":3,"minecraft:dead_bush":1,"minecraft:cobblestone":107,"minecraft:oak_planks":3,"minecraft:cactus":1,"minecraft:birch_log":19,"minecraft:fire":8,"minecraft:snow":191,"minecraft:ice":24,"minecraft:birch_leaves":88,"minecraft:oak_log":38,"minecraft:cobblestone_slab":4,"minecraft:potted_spruce_sapling":1,"minecraft:dirt":2,"minecraft:birch_wall_sign":1,"minecraft:stone":10,"minecraft:oak_leaves":399},"minecraft:dropped":{"minecraft:stone_sword":2,"minecraft:cobblestone":3,"minecraft:stick":2,"minecraft:filled_map":1,"minecraft:lava_bucket":1,"minecraft:cobblestone_slab":26,"minecraft:oak_sapling":1,"minecraft:stone_pickaxe":2},"minecraft:crafted":{"minecraft:wooden_sword":2,"minecraft:oak_planks":52,"minecraft:wooden_shovel":1,"minecraft:cobblestone_slab":702,"minecraft:stone_shovel":1,"minecraft:crafting_table":1,"minecraft:oak_boat":1,"minecraft:wooden_hoe":1,"minecraft:ladder":3,"minecraft:stick":16,"minecraft:stone_pickaxe":2,"minecraft:wooden_axe":1,"minecraft:stone_sword":3},"minecraft:broken":{"minecraft:wooden_shovel":1,"minecraft:stone_axe":1,"minecraft:wooden_axe":1,"minecraft:wooden_hoe":1,"minecraft:stone_shovel":1},"minecraft:used":{"minecraft:water_bucket":5,"minecraft:stone_sword":7,"minecraft:red_sand":6,"minecraft:stone_shovel":131,"minecraft:stone_pickaxe":121,"minecraft:oak_planks":34,"minecraft:chest":2,"minecraft:wooden_shovel":76,"minecraft:cobblestone_slab":682,"minecraft:crafting_table":2,"minecraft:birch_sign":2,"minecraft:snowball":231,"minecraft:obsidian":10,"minecraft:wooden_axe":59,"minecraft:wooden_hoe":59,"minecraft:lava_bucket":7,"minecraft:map":1,"minecraft:birch_sapling":2,"minecraft:stone_axe":123,"minecraft:wooden_sword":2,"minecraft:cobblestone":4,"minecraft:oak_sapling":20,"minecraft:birch_log":5,"minecraft:bucket":13,"minecraft:ice":1,"minecraft:oak_boat":1},"minecraft:custom":{"minecraft:interact_with_furnace":5,"minecraft:mob_kills":4,"minecraft:interact_with_crafting_table":41,"minecraft:pot_flower":1,"minecraft:leave_game":1,"minecraft:time_since_death":824,"minecraft:time_since_rest":849,"minecraft:damage_taken":8685,"minecraft:sprint_one_cm":593369,"minecraft:walk_one_cm":571563,"minecraft:drop":14,"minecraft:damage_dealt":1498,"minecraft:swim_one_cm":7322,"minecraft:fly_one_cm":82037,"minecraft:open_chest":197,"minecraft:crouch_one_cm":61837,"minecraft:play_time":199661,"minecraft:deaths":32,"minecraft:sneak_time":15638,"minecraft:walk_under_water_one_cm":54829,"minecraft:boat_one_cm":32672,"minecraft:jump":742,"minecraft:walk_on_water_one_cm":19667,"minecraft:total_world_time":199661,"minecraft:fall_one_cm":23725},"minecraft:picked_up":{"minecraft:birch_log":19,"minecraft:crafting_table":2,"minecraft:flower_pot":1,"minecraft:oak_log":37,"minecraft:wooden_sword":1,"minecraft:piglin_head":2,"minecraft:apple":1,"minecraft:red_sand":32,"minecraft:bucket":1,"minecraft:stone_pickaxe":1,"minecraft:oak_boat":2,"minecraft:cobblestone_slab":56,"minecraft:chest":3,"minecraft:birch_sapling":1,"minecraft:oak_planks":2,"minecraft:stick":26,"minecraft:spruce_sapling":1,"minecraft:stone_sword":1,"minecraft:cactus":1,"minecraft:rotten_flesh":3,"minecraft:birch_sign":1,"minecraft:oak_sapling":37,"minecraft:snowball":383,"minecraft:cobblestone":275,"minecraft:ender_pearl":2}},"DataVersion":3465}