{"stats":{"minecraft:killed":{"minecraft:illusioner":1,"minecraft:wither_skeleton":1},"minecraft:mined":{"minecraft:seagrass":1,"minecraft:glass_pane":2,"minecraft:packed_mud":5,"naturalist:duckweed":1,"minecraft:grass":1,"minecraft:grass_block":3,"minecraft:oak_leaves":5},"minecraft:dropped":{"friendsandfoes:weathered_copper_button":1,"tombstone:grave_key":1,"minecraft:soul_lantern":1,"tombstone:gift":1,"minecraft:stripped_dark_oak_wood":1,"minecraft:totem_of_undying":1},"minecraft:killed_by":{"minecraft:wither_skeleton":1,"illagerinvasion:provoker":2},"minecraft:used":{"minecraft:oak_log":162,"minecraft:water_bucket":5,"minecraft:flint_and_steel":1,"minecraft:packed_mud":1,"minecraft:black_carpet":1,"twilightforest:glass_sword":7,"minecraft:redstone_block":7,"minecraft:totem_of_undying":2,"minecraft:soul_lantern":4,"mutantmonsters:hulk_hammer":6,"minecraft:tnt":22,"minecraft:bucket":2,"alexsmobs:animal_dictionary":2},"minecraft:custom":{"minecraft:time_since_rest":8158,"minecraft:sprint_one_cm":42954,"minecraft:damage_taken":8365,"minecraft:walk_one_cm":51505,"minecraft:mob_kills":2,"minecraft:drop":6,"tombstone:raider_killed":1,"minecraft:damage_dealt":725,"minecraft:swim_one_cm":2787,"minecraft:fly_one_cm":391631,"minecraft:crouch_one_cm":2761,"minecraft:play_time":75974,"tombstone:undead_killed":1,"minecraft:deaths":4,"minecraft:sneak_time":1046,"minecraft:walk_under_water_one_cm":2583,"minecraft:jump":228,"minecraft:leave_game":5,"minecraft:walk_on_water_one_cm":7065,"minecraft:time_since_death":10069,"minecraft:climb_one_cm":1162,"minecraft:total_world_time":75974,"minecraft:fall_one_cm":78438},"minecraft:picked_up":{"minecraft:book":1,"minecraft:stick":4,"minecraft:black_carpet":1,"minecraft:wheat":3,"minecraft:packed_mud":7,"minecraft:string":6,"illagerinvasion:illusionary_dust":1,"minecraft:lapis_lazuli":2,"minecraft:dirt":2,"minecraft:paper":6,"minecraft:name_tag":1,"minecraft:soul_lantern":1,"minecraft:iron_ingot":4,"minecraft:stripped_dark_oak_wood":1,"minecraft:totem_of_undying":1,"minecraft:emerald":2,"friendsandfoes:weathered_copper_button":1}},"DataVersion":3465}