{"stats":{"minecraft:mined":{"minecraft:grass":1,"minecraft:grass_block":3,"minecraft:poppy":1,"minecraft:dirt":2},"minecraft:custom":{"minecraft:jump":7,"minecraft:open_chest":2,"minecraft:time_since_rest":1947,"minecraft:deaths":1,"minecraft:damage_taken":3130,"minecraft:play_time":3647,"minecraft:time_since_death":1915,"minecraft:walk_one_cm":2132,"minecraft:sneak_time":6,"minecraft:total_world_time":3647,"minecraft:fly_one_cm":805},"minecraft:used":{"minecraft:dirt":8},"minecraft:picked_up":{"minecraft:poppy":1,"minecraft:moss_block":1,"minecraft:dirt":6,"minecraft:filled_map":1}},"DataVersion":3465}