{"stats":{"minecraft:mined":{"minecraft:cactus":1,"minecraft:oak_sapling":2,"minecraft:moss_carpet":1,"minecraft:grass":1,"minecraft:red_sand":11,"minecraft:grass_block":3,"minecraft:oak_log":3,"minecraft:poppy":1,"minecraft:chest":1,"minecraft:dead_bush":1,"minecraft:dirt":2,"minecraft:oak_leaves":22},"minecraft:dropped":{"minecraft:filled_map":3,"minecraft:lava_bucket":3,"minecraft:dirt":3,"minecraft:oak_log":1,"minecraft:diamond_pickaxe":1,"minecraft:birch_sign":1,"minecraft:wooden_pickaxe":1},"minecraft:custom":{"minecraft:time_since_rest":20203,"minecraft:sprint_one_cm":28948,"minecraft:damage_taken":3630,"minecraft:walk_one_cm":28008,"minecraft:drop":13,"minecraft:damage_dealt":10,"minecraft:interact_with_crafting_table":6,"minecraft:fly_one_cm":1142,"minecraft:open_chest":20,"minecraft:crouch_one_cm":5981,"minecraft:play_time":27647,"minecraft:deaths":3,"minecraft:sneak_time":1272,"minecraft:jump":53,"minecraft:time_since_death":20172,"minecraft:walk_on_water_one_cm":300,"minecraft:total_world_time":27647,"minecraft:fall_one_cm":751},"minecraft:used":{"minecraft:mangrove_boat":1,"minecraft:red_sand":1,"minecraft:lava_bucket":22,"minecraft:cobblestone_slab":65,"minecraft:dirt":11,"minecraft:crafting_table":1,"minecraft:oak_sapling":3,"minecraft:bucket":21},"minecraft:crafted":{"minecraft:oak_planks":4,"minecraft:cobblestone_slab":60,"minecraft:crafting_table":1},"minecraft:picked_up":{"minecraft:stick":3,"minecraft:filled_map":3,"minecraft:lava_bucket":4,"minecraft:oak_log":6,"minecraft:dirt":9,"minecraft:moss_carpet":1,"minecraft:mangrove_boat":1,"minecraft:cactus":1,"minecraft:red_sand":12,"minecraft:birch_sign":2,"minecraft:cobblestone_slab":6,"minecraft:poppy":1,"minecraft:oak_sapling":3,"minecraft:moss_block":1,"minecraft:chest":1,"minecraft:cobblestone":30}},"DataVersion":3465}