{"stats":{"minecraft:picked_up":{"minecraft:book":1,"minecraft:stick":4,"minecraft:black_carpet":1,"minecraft:wheat":3,"minecraft:packed_mud":7,"minecraft:string":6,"illagerinvasion:illusionary_dust":1,"minecraft:lapis_lazuli":2,"minecraft:dirt":2,"minecraft:paper":6,"minecraft:name_tag":1,"minecraft:soul_lantern":1,"minecraft:iron_ingot":4,"minecraft:emerald":2},"minecraft:mined":{"minecraft:seagrass":1,"minecraft:glass_pane":2,"minecraft:packed_mud":5,"naturalist:duckweed":1,"minecraft:grass":1,"minecraft:grass_block":3,"minecraft:oak_leaves":5},"minecraft:killed":{"minecraft:illusioner":1,"minecraft:wither_skeleton":1},"minecraft:used":{"minecraft:flint_and_steel":1,"minecraft:packed_mud":1,"minecraft:black_carpet":1,"twilightforest:glass_sword":7,"minecraft:soul_lantern":4,"minecraft:tnt":22,"alexsmobs:animal_dictionary":2},"minecraft:killed_by":{"minecraft:wither_skeleton":1,"illagerinvasion:provoker":2},"minecraft:custom":{"minecraft:time_since_rest":33224,"minecraft:sprint_one_cm":39677,"minecraft:damage_taken":925,"minecraft:walk_one_cm":37801,"minecraft:mob_kills":2,"tombstone:raider_killed":1,"minecraft:damage_dealt":725,"minecraft:swim_one_cm":2787,"minecraft:fly_one_cm":358802,"minecraft:crouch_one_cm":368,"minecraft:play_time":56588,"tombstone:undead_killed":1,"minecraft:deaths":3,"minecraft:sneak_time":509,"minecraft:walk_under_water_one_cm":2583,"minecraft:jump":161,"minecraft:leave_game":3,"minecraft:walk_on_water_one_cm":6712,"minecraft:time_since_death":33519,"minecraft:climb_one_cm":1162,"minecraft:total_world_time":56588,"minecraft:fall_one_cm":3251}},"DataVersion":3465}