{"stats":{"minecraft:picked_up":{"minecraft:stick":4,"minecraft:oak_log":11,"minecraft:moss_carpet":1,"minecraft:cactus":1,"minecraft:red_sand":20,"minecraft:bucket":1,"minecraft:birch_sign":1,"minecraft:cobblestone_slab":65,"minecraft:oak_sapling":6,"minecraft:chest":1,"minecraft:oak_planks":2},"minecraft:killed_by":{"minecraft:player":1},"minecraft:dropped":{"minecraft:lava_bucket":1,"minecraft:wooden_pickaxe":1},"minecraft:mined":{"minecraft:oak_sapling":3,"minecraft:ice":3,"minecraft:red_sand":21,"minecraft:oak_log":11,"minecraft:chest":1,"minecraft:oak_planks":2,"minecraft:oak_leaves":110},"minecraft:used":{"minecraft:water_bucket":1,"minecraft:red_sand":4,"minecraft:lava_bucket":4,"minecraft:oak_planks":15,"minecraft:chest":1,"minecraft:cobblestone_slab":65,"minecraft:crafting_table":1,"minecraft:oak_slab":3,"minecraft:oak_sapling":7,"minecraft:bucket":6,"minecraft:obsidian":10},"minecraft:crafted":{"minecraft:oak_slab":12,"minecraft:oak_planks":20,"minecraft:crafting_table":1,"minecraft:wooden_pickaxe":1},"minecraft:custom":{"minecraft:time_since_rest":2113,"minecraft:sprint_one_cm":33413,"minecraft:damage_taken":950,"minecraft:walk_one_cm":67233,"minecraft:drop":2,"minecraft:damage_dealt":30,"minecraft:interact_with_crafting_table":4,"minecraft:fly_one_cm":2151,"minecraft:open_chest":28,"minecraft:crouch_one_cm":10888,"minecraft:play_time":39575,"minecraft:deaths":4,"minecraft:sneak_time":3530,"minecraft:walk_under_water_one_cm":9543,"minecraft:jump":131,"minecraft:leave_game":1,"minecraft:walk_on_water_one_cm":4152,"minecraft:time_since_death":2036,"minecraft:total_world_time":39575,"minecraft:fall_one_cm":2719}},"DataVersion":3465}