{"stats":{"minecraft:killed":{"naturalist:snail":1,"luminousworld:firefly":1},"minecraft:mined":{"minecraft:light_gray_carpet":4,"minecraft:glass_pane":2,"minecraft:packed_mud":5,"minecraft:mud":2,"minecraft:white_carpet":1,"minecraft:stripped_dark_oak_wood":6,"minecraft:grass_block":3,"minecraft:dirt":9,"minecraft:gray_carpet":1,"minecraft:oak_leaves":20},"minecraft:dropped":{"friendsandfoes:weathered_copper_button":1,"minecraft:stripped_dark_oak_wood":1,"minecraft:totem_of_undying":1},"minecraft:killed_by":{"minecraft:vindicator":1,"illagerinvasion:provoker":1},"minecraft:used":{"minecraft:water_bucket":14,"minecraft:apple":1,"minecraft:stripped_dark_oak_wood":2,"minecraft:cobblestone_stairs":1,"minecraft:light_gray_carpet":4,"minecraft:totem_of_undying":6,"minecraft:dirt":6,"minecraft:white_carpet":1,"minecraft:dark_oak_fence":59,"minecraft:bucket":11,"tombstone:gift":41},"minecraft:picked_up":{"minecraft:mud":2,"luminousworld:trout":1,"minecraft:packed_mud":3,"tombstone:grave_key":1,"minecraft:cobblestone_stairs":1,"minecraft:dirt":13,"tombstone:gift":1,"naturalist:bass":1,"minecraft:white_carpet":1,"minecraft:apple":1,"minecraft:gray_carpet":1,"minecraft:wheat_seeds":1,"minecraft:soul_lantern":1,"minecraft:stripped_dark_oak_wood":7,"minecraft:totem_of_undying":1,"minecraft:light_gray_carpet":4,"minecraft:dark_oak_fence":9,"friendsandfoes:weathered_copper_button":1,"minecraft:cobblestone":4},"minecraft:custom":{"minecraft:time_since_rest":70929,"minecraft:damage_taken":15560,"minecraft:sprint_one_cm":65341,"minecraft:walk_one_cm":148865,"minecraft:mob_kills":3,"minecraft:drop":3,"minecraft:damage_dealt":78,"minecraft:swim_one_cm":695,"minecraft:fly_one_cm":222036,"minecraft:open_chest":1,"minecraft:crouch_one_cm":7374,"minecraft:play_time":82563,"minecraft:deaths":2,"minecraft:sneak_time":2880,"minecraft:walk_under_water_one_cm":5309,"minecraft:jump":362,"minecraft:leave_game":4,"minecraft:walk_on_water_one_cm":10085,"minecraft:time_since_death":71997,"minecraft:climb_one_cm":1948,"minecraft:total_world_time":82563,"minecraft:fall_one_cm":154875}},"DataVersion":3465}