{"stats":{"minecraft:mined":{"minecraft:snow":7,"minecraft:ice":10,"minecraft:grass":3,"minecraft:red_sand":1,"minecraft:grass_block":10,"minecraft:oak_log":10,"minecraft:poppy":1,"minecraft:cobblestone_slab":25,"minecraft:chest":1,"minecraft:dirt":15,"minecraft:tall_grass":1,"minecraft:cobblestone":243,"minecraft:oak_planks":4,"minecraft:moss_block":1,"minecraft:oak_leaves":5,"minecraft:rooted_dirt":1},"minecraft:dropped":{"minecraft:cobblestone_slab":65,"minecraft:bucket":1},"minecraft:broken":{"minecraft:stone_pickaxe":1,"minecraft:wooden_pickaxe":2},"minecraft:custom":{"minecraft:time_since_rest":78001,"minecraft:sprint_one_cm":5167,"minecraft:damage_taken":670,"minecraft:walk_one_cm":308934,"minecraft:drop":3,"minecraft:damage_dealt":50,"minecraft:interact_with_crafting_table":17,"minecraft:fly_one_cm":11218,"minecraft:player_kills":1,"minecraft:open_chest":71,"minecraft:crouch_one_cm":27708,"minecraft:play_time":83651,"minecraft:deaths":2,"minecraft:sneak_time":9227,"minecraft:walk_under_water_one_cm":25664,"minecraft:jump":345,"minecraft:leave_game":6,"minecraft:walk_on_water_one_cm":15991,"minecraft:time_since_death":77961,"minecraft:total_world_time":83859,"minecraft:fall_one_cm":6005},"minecraft:used":{"minecraft:water_bucket":81,"minecraft:lava_bucket":18,"minecraft:stone_shovel":8,"minecraft:stone_pickaxe":156,"minecraft:chest":3,"minecraft:wooden_pickaxe":118,"minecraft:cobblestone_slab":297,"minecraft:melon_seeds":1,"minecraft:stone_hoe":1,"minecraft:stone_axe":17,"minecraft:dirt":25,"minecraft:cobblestone":15,"minecraft:oak_sapling":3,"minecraft:birch_sign":1,"minecraft:bucket":97,"minecraft:ice":2},"minecraft:crafted":{"minecraft:oak_planks":64,"minecraft:cobblestone_slab":372,"minecraft:stone_shovel":1,"minecraft:melon_seeds":1,"minecraft:stick":14,"minecraft:wooden_pickaxe":1,"minecraft:stone_pickaxe":4,"minecraft:stone_sword":2,"minecraft:chest":2,"minecraft:stone_hoe":1,"minecraft:stone_axe":1},"minecraft:picked_up":{"minecraft:stick":5,"minecraft:wooden_pickaxe":1,"minecraft:lava_bucket":1,"minecraft:oak_log":10,"minecraft:dirt":25,"minecraft:red_sand":1,"minecraft:cobblestone_slab":25,"minecraft:poppy":1,"minecraft:rooted_dirt":1,"minecraft:oak_planks":3,"minecraft:oak_sapling":5,"minecraft:moss_block":1,"minecraft:chest":1,"minecraft:snowball":7,"minecraft:cobblestone":232}},"DataVersion":3465}