{"stats":{"minecraft:mined":{"minecraft:snow":7,"minecraft:ice":12,"minecraft:grass":3,"minecraft:red_sand":2,"minecraft:grass_block":10,"minecraft:oak_log":21,"minecraft:poppy":1,"minecraft:cobblestone_slab":39,"minecraft:chest":1,"minecraft:dirt":15,"minecraft:stone":2,"minecraft:tall_grass":1,"minecraft:cobblestone":282,"minecraft:oak_planks":4,"minecraft:moss_block":1,"minecraft:oak_leaves":5,"minecraft:rooted_dirt":1},"minecraft:dropped":{"minecraft:cobblestone_slab":65,"minecraft:bucket":1},"minecraft:broken":{"minecraft:stone_pickaxe":1,"minecraft:wooden_pickaxe":2},"minecraft:custom":{"minecraft:time_since_rest":90001,"minecraft:sprint_one_cm":5867,"minecraft:damage_taken":730,"minecraft:walk_one_cm":363991,"minecraft:mob_kills":2,"minecraft:drop":3,"minecraft:damage_dealt":560,"minecraft:interact_with_crafting_table":18,"minecraft:fly_one_cm":11940,"minecraft:player_kills":1,"minecraft:open_chest":98,"minecraft:crouch_one_cm":28967,"minecraft:play_time":95651,"minecraft:deaths":2,"minecraft:sneak_time":9697,"minecraft:walk_under_water_one_cm":37154,"minecraft:jump":396,"minecraft:leave_game":6,"minecraft:walk_on_water_one_cm":20435,"minecraft:time_since_death":89961,"minecraft:total_world_time":95859,"minecraft:fall_one_cm":6214},"minecraft:used":{"minecraft:water_bucket":84,"minecraft:red_sand":2,"minecraft:stone_sword":12,"minecraft:lava_bucket":23,"minecraft:stone_shovel":9,"minecraft:stone_pickaxe":211,"minecraft:chest":3,"minecraft:wooden_pickaxe":118,"minecraft:cobblestone_slab":301,"minecraft:melon_seeds":1,"minecraft:stone_hoe":2,"minecraft:stone_axe":28,"minecraft:dirt":25,"minecraft:cobblestone":15,"minecraft:oak_boat":1,"minecraft:oak_sapling":3,"minecraft:beetroot_seeds":1,"minecraft:birch_sign":1,"minecraft:bucket":105,"minecraft:ice":2},"minecraft:crafted":{"minecraft:oak_boat":1,"minecraft:oak_planks":108,"minecraft:cobblestone_slab":372,"minecraft:stone_shovel":1,"minecraft:melon_seeds":1,"minecraft:stick":14,"minecraft:wooden_pickaxe":1,"minecraft:stone_pickaxe":4,"minecraft:stone_sword":2,"minecraft:chest":2,"minecraft:stone_hoe":1,"minecraft:stone_axe":1},"minecraft:picked_up":{"minecraft:stick":6,"minecraft:wooden_pickaxe":1,"minecraft:lava_bucket":1,"minecraft:oak_log":21,"minecraft:dirt":25,"minecraft:rotten_flesh":1,"minecraft:oak_boat":1,"minecraft:red_sand":2,"minecraft:cobblestone_slab":43,"minecraft:poppy":1,"minecraft:rooted_dirt":1,"minecraft:oak_planks":3,"minecraft:oak_sapling":5,"minecraft:moss_block":1,"minecraft:chest":1,"minecraft:snowball":7,"minecraft:cobblestone":269,"minecraft:ender_pearl":1},"minecraft:killed":{"minecraft:zombie":1,"minecraft:enderman":1}},"DataVersion":3465}