{"stats":{"minecraft:killed_by":{"minecraft:piglin":2,"minecraft:zombie":1,"minecraft:enderman":1,"minecraft:zoglin":3},"minecraft:killed":{"minecraft:piglin":1,"minecraft:zombified_piglin":2,"minecraft:zoglin":1,"minecraft:creeper":1,"minecraft:zombie":1,"minecraft:enderman":6},"minecraft:mined":{"minecraft:twisting_vines_plant":2,"minecraft:grass_block":8,"minecraft:poppy":1,"minecraft:warped_roots":3,"minecraft:chest":1,"minecraft:crimson_roots":2,"minecraft:cobblestone":656,"minecraft:tall_grass":1,"minecraft:oak_planks":5,"minecraft:moss_block":1,"minecraft:crimson_fungus":1,"minecraft:nether_wart":2,"minecraft:rooted_dirt":1,"minecraft:nether_sprouts":1,"minecraft:fire":21,"minecraft:ice":31,"minecraft:light_gray_wool":1,"minecraft:warped_fungus":1,"minecraft:twisting_vines":1,"minecraft:grass":3,"minecraft:oak_log":10,"minecraft:cobblestone_slab":9,"minecraft:dirt":9,"minecraft:stone":6,"minecraft:oak_leaves":23},"minecraft:crafted":{"minecraft:wooden_sword":2,"minecraft:oak_planks":72,"minecraft:cobblestone_slab":396,"minecraft:crafting_table":1,"minecraft:wooden_pickaxe":4,"minecraft:oak_boat":3,"minecraft:stick":10,"minecraft:stone_pickaxe":4,"minecraft:stone_sword":1,"minecraft:chest":2},"minecraft:dropped":{"minecraft:water_bucket":1,"minecraft:cobblestone":177,"minecraft:cobblestone_slab":87,"minecraft:oak_boat":1,"minecraft:bucket":2},"minecraft:broken":{"minecraft:stone_pickaxe":4,"minecraft:wooden_pickaxe":2},"minecraft:used":{"minecraft:moss_block":1,"minecraft:water_bucket":59,"minecraft:stone_sword":19,"minecraft:stone_pickaxe":554,"minecraft:oak_planks":7,"minecraft:chest":4,"minecraft:wooden_pickaxe":174,"minecraft:cobblestone_slab":178,"minecraft:leather_boots":1,"minecraft:dirt":17,"minecraft:crafting_table":1,"minecraft:snowball":5,"minecraft:lava_bucket":35,"minecraft:rooted_dirt":1,"minecraft:warped_nylium":1,"minecraft:wooden_sword":61,"minecraft:cobblestone":26,"minecraft:goat_horn":2,"minecraft:oak_sapling":2,"minecraft:bucket":90,"minecraft:ice":1,"minecraft:oak_boat":4},"minecraft:custom":{"minecraft:mob_kills":14,"minecraft:interact_with_crafting_table":24,"minecraft:leave_game":4,"minecraft:time_since_death":1802,"minecraft:time_since_rest":1829,"minecraft:sprint_one_cm":93778,"minecraft:damage_taken":4265,"minecraft:walk_one_cm":510169,"minecraft:drop":51,"minecraft:damage_dealt":4131,"minecraft:swim_one_cm":9673,"minecraft:fly_one_cm":193086,"minecraft:player_kills":1,"minecraft:open_chest":134,"minecraft:crouch_one_cm":25231,"minecraft:play_time":153859,"minecraft:deaths":16,"minecraft:sneak_time":9987,"minecraft:walk_under_water_one_cm":104552,"minecraft:boat_one_cm":10546,"minecraft:jump":983,"minecraft:walk_on_water_one_cm":38676,"minecraft:total_world_time":153941,"minecraft:fall_one_cm":13350},"minecraft:picked_up":{"minecraft:nether_wart":2,"minecraft:filled_map":1,"minecraft:crimson_fungus":1,"minecraft:oak_log":11,"minecraft:red_bed":1,"minecraft:dirt":17,"minecraft:leather_boots":1,"minecraft:twisting_vines":3,"minecraft:stone_pickaxe":3,"minecraft:oak_boat":3,"minecraft:cobblestone_slab":139,"minecraft:light_gray_wool":1,"minecraft:poppy":1,"minecraft:moss_block":1,"minecraft:chest":2,"minecraft:oak_planks":8,"minecraft:stick":4,"minecraft:warped_fungus":1,"minecraft:lava_bucket":1,"minecraft:stone_sword":1,"minecraft:rotten_flesh":3,"minecraft:birch_sign":1,"minecraft:warped_roots":2,"minecraft:rooted_dirt":1,"minecraft:oak_sapling":4,"minecraft:warped_nylium":1,"minecraft:snowball":40,"minecraft:crimson_roots":2,"minecraft:cobblestone":591,"minecraft:ender_pearl":3}},"DataVersion":3465}