{"stats":{"minecraft:used":{"minecraft:oak_log":1,"minecraft:lava_bucket":6,"minecraft:oak_planks":20,"tombstone:grave_key":1,"aether:vampire_blade":12,"minecraft:dirt":20,"minecraft:sand":38,"tombstone:gift":2},"minecraft:custom":{"minecraft:time_since_rest":4568,"minecraft:sprint_one_cm":12419,"minecraft:damage_taken":970,"minecraft:walk_one_cm":143196,"minecraft:mob_kills":10,"minecraft:drop":4,"minecraft:damage_dealt":1902,"minecraft:swim_one_cm":8950,"minecraft:talked_to_villager":20,"minecraft:fly_one_cm":636128,"minecraft:open_chest":5,"minecraft:crouch_one_cm":292,"minecraft:play_time":47736,"minecraft:deaths":4,"minecraft:sneak_time":1768,"minecraft:walk_under_water_one_cm":2177,"tombstone:villager_killed":4,"minecraft:jump":187,"minecraft:damage_dealt_resisted":880,"minecraft:leave_game":7,"minecraft:time_since_death":5448,"minecraft:walk_on_water_one_cm":843,"minecraft:climb_one_cm":328,"minecraft:total_world_time":47736,"minecraft:fall_one_cm":1024},"minecraft:crafted":{"minecraft:oak_planks":20},"minecraft:mined":{"luminousworld:grassvariant_4":1,"minecraft:grass_block":10,"minecraft:oak_log":7,"minecraft:sand":93,"minecraft:dirt":18,"luminousworld:grassvariant_3":1,"minecraft:oak_planks":1,"minecraft:oak_leaves":3},"minecraft:picked_up":{"quark:vertical_oak_planks":2,"born_in_chaos_v1:corpse_maggot":1,"minecraft:feather":2,"minecraft:chicken":1,"ecologics:coconut_slice":2,"sophisticatedbackpacks:backpack":1,"minecraft:porkchop":1,"minecraft:sand":93,"minecraft:oak_log":7,"born_in_chaos_v1:pieceofdarkmetal":3,"minecraft:dirt":27,"minecraft:bone":2,"minecraft:rotten_flesh":4,"minecraft:slime_ball":4,"iceandfire:bestiary":2,"luminousworld:yellowpetunias":1,"supplementaries:ash":1,"minecraft:oak_planks":1},"minecraft:dropped":{"minecraft:dirt":1,"quark:vertical_oak_planks":2,"iceandfire:bestiary":1,"sophisticatedbackpacks:backpack":1},"minecraft:killed":{"luminousworld:crab":1,"minecraft:pig":1,"minecraft:chicken":1,"luminousworld:monarch":1,"minecraft:spider":1,"minecraft:villager":4},"minecraft:killed_by":{"born_in_chaos_v1:barrel_zombie":1,"iceandfire:fire_dragon":1}},"DataVersion":3465}