{"stats":{"minecraft:mined":{"minecraft:grass":1,"minecraft:grass_block":6,"minecraft:dirt":4,"minecraft:tall_grass":1,"minecraft:rooted_dirt":1},"minecraft:dropped":{"minecraft:filled_map":1},"minecraft:custom":{"minecraft:time_since_rest":5473,"minecraft:open_chest":10,"minecraft:crouch_one_cm":888,"minecraft:play_time":8816,"minecraft:deaths":1,"minecraft:damage_taken":280,"minecraft:walk_one_cm":9811,"minecraft:sneak_time":438,"minecraft:walk_under_water_one_cm":86,"minecraft:drop":1,"minecraft:jump":13,"minecraft:damage_dealt":10,"minecraft:leave_game":2,"minecraft:walk_on_water_one_cm":178,"minecraft:time_since_death":5438,"minecraft:total_world_time":8898,"minecraft:fall_one_cm":211,"minecraft:fly_one_cm":2114},"minecraft:used":{"minecraft:dirt":2},"minecraft:picked_up":{"minecraft:rooted_dirt":1,"minecraft:dirt":8}},"DataVersion":3465}