{"stats":{"minecraft:mined":{"minecraft:ice":3,"minecraft:grass":1,"minecraft:red_sand":17,"minecraft:grass_block":6,"minecraft:oak_log":2,"minecraft:chest":1,"minecraft:dirt":16,"minecraft:tall_grass":1,"minecraft:cobblestone":58,"minecraft:oak_leaves":7,"minecraft:rooted_dirt":1},"minecraft:dropped":{"minecraft:filled_map":2,"minecraft:lava_bucket":3,"minecraft:cobblestone_slab":6,"minecraft:diamond_pickaxe":1,"minecraft:cobblestone":21},"minecraft:broken":{"minecraft:wooden_pickaxe":1},"minecraft:custom":{"minecraft:time_since_rest":27281,"minecraft:sprint_one_cm":21968,"minecraft:damage_taken":570,"minecraft:walk_one_cm":96615,"minecraft:drop":8,"minecraft:damage_dealt":10,"minecraft:interact_with_crafting_table":4,"minecraft:fly_one_cm":62687,"minecraft:open_chest":35,"minecraft:crouch_one_cm":12640,"minecraft:play_time":44816,"minecraft:deaths":2,"minecraft:sneak_time":4211,"minecraft:walk_under_water_one_cm":86,"minecraft:boat_one_cm":6345,"minecraft:jump":152,"minecraft:leave_game":2,"minecraft:time_since_death":27257,"minecraft:walk_on_water_one_cm":2743,"minecraft:total_world_time":44898,"minecraft:fall_one_cm":1465},"minecraft:used":{"minecraft:red_sand":1,"minecraft:lava_bucket":21,"minecraft:rooted_dirt":1,"minecraft:chest":1,"minecraft:wooden_pickaxe":59,"minecraft:cobblestone_slab":25,"minecraft:dirt":20,"minecraft:bucket":11,"minecraft:ice":1,"minecraft:stripped_oak_log":5},"minecraft:crafted":{"minecraft:cobblestone_slab":30},"minecraft:picked_up":{"minecraft:wooden_pickaxe":1,"minecraft:filled_map":2,"minecraft:lava_bucket":2,"minecraft:dirt":19,"minecraft:red_sand":15,"minecraft:rooted_dirt":1,"minecraft:chest":1,"minecraft:cobblestone":36,"minecraft:diamond_pickaxe":1}},"DataVersion":3465}