{"stats":{"minecraft:mined":{"minecraft:red_sand":2,"minecraft:grass_block":10,"minecraft:poppy":1,"minecraft:chest":1,"minecraft:tall_grass":1,"minecraft:cobblestone":682,"minecraft:oak_planks":4,"minecraft:moss_block":1,"minecraft:rooted_dirt":1,"minecraft:snow":7,"minecraft:ice":23,"minecraft:grass":3,"minecraft:oak_log":48,"minecraft:cobblestone_slab":39,"minecraft:dirt":15,"minecraft:stone":10,"minecraft:oak_leaves":16},"minecraft:dropped":{"minecraft:cobblestone_slab":65,"minecraft:bucket":1},"minecraft:broken":{"minecraft:stone_pickaxe":4,"minecraft:wooden_pickaxe":2},"minecraft:custom":{"minecraft:mob_kills":2,"minecraft:interact_with_crafting_table":27,"minecraft:leave_game":9,"minecraft:time_since_death":16462,"minecraft:time_since_rest":16485,"minecraft:sprint_one_cm":13587,"minecraft:damage_taken":1580,"minecraft:walk_one_cm":486132,"minecraft:drop":3,"minecraft:damage_dealt":693,"minecraft:fly_one_cm":21239,"minecraft:player_kills":1,"minecraft:open_chest":154,"minecraft:crouch_one_cm":30300,"minecraft:play_time":140489,"minecraft:deaths":6,"minecraft:sneak_time":10355,"minecraft:walk_under_water_one_cm":92449,"minecraft:jump":594,"minecraft:walk_on_water_one_cm":27718,"minecraft:total_world_time":140697,"minecraft:fall_one_cm":9261},"minecraft:used":{"minecraft:water_bucket":88,"minecraft:red_sand":2,"minecraft:stone_sword":15,"minecraft:stone_shovel":9,"minecraft:stone_pickaxe":620,"minecraft:chest":7,"minecraft:wooden_pickaxe":118,"minecraft:cobblestone_slab":305,"minecraft:stone_hoe":9,"minecraft:dirt":25,"minecraft:birch_sign":1,"minecraft:snowball":6,"minecraft:lava_bucket":28,"minecraft:melon_seeds":2,"minecraft:stone_axe":62,"minecraft:cobblestone":17,"minecraft:oak_sapling":10,"minecraft:beetroot_seeds":3,"minecraft:bucket":114,"minecraft:ice":2,"minecraft:oak_boat":1},"minecraft:killed_by":{"minecraft:creeper":1},"minecraft:crafted":{"minecraft:oak_planks":108,"minecraft:cobblestone_slab":372,"minecraft:stone_shovel":1,"minecraft:wooden_pickaxe":1,"minecraft:stone_axe":3,"minecraft:oak_boat":1,"minecraft:melon_seeds":1,"minecraft:stick":18,"minecraft:stone_pickaxe":6,"minecraft:stone_sword":3,"minecraft:chest":5,"minecraft:stone_hoe":2},"minecraft:picked_up":{"minecraft:clock":1,"minecraft:brown_mushroom":1,"minecraft:wooden_pickaxe":1,"minecraft:red_mushroom":1,"minecraft:filled_map":3,"minecraft:oak_log":48,"minecraft:dirt":25,"minecraft:string":3,"minecraft:moss_carpet":1,"minecraft:piglin_head":1,"minecraft:red_sand":16,"minecraft:bucket":1,"minecraft:stone_pickaxe":1,"minecraft:oak_boat":2,"minecraft:cobblestone_slab":92,"minecraft:poppy":2,"minecraft:oak_planks":75,"minecraft:sugar_cane":1,"minecraft:moss_block":2,"minecraft:birch_sapling":1,"minecraft:chest":2,"minecraft:stone_hoe":1,"minecraft:stick":23,"minecraft:lava_bucket":1,"minecraft:pointed_dripstone":1,"minecraft:arrow":1,"minecraft:rotten_flesh":2,"minecraft:stone_sword":1,"minecraft:cactus":1,"minecraft:stone_shovel":1,"minecraft:beetroot_seeds":2,"minecraft:rooted_dirt":2,"minecraft:oak_sapling":30,"minecraft:melon_seeds":1,"minecraft:snowball":20,"minecraft:cobblestone":882,"minecraft:ender_pearl":2},"minecraft:killed":{"minecraft:zombie":1,"minecraft:enderman":1}},"DataVersion":3465}