{"stats":{"minecraft:mined":{"minecraft:ice":4,"minecraft:grass":3,"minecraft:grass_block":10,"minecraft:poppy":1,"minecraft:cobblestone_slab":5,"minecraft:chest":1,"minecraft:dirt":15,"minecraft:tall_grass":1,"minecraft:cobblestone":238,"minecraft:oak_planks":1,"minecraft:moss_block":1,"minecraft:oak_leaves":2,"minecraft:rooted_dirt":1},"minecraft:dropped":{"minecraft:cobblestone_slab":65,"minecraft:bucket":1},"minecraft:broken":{"minecraft:stone_pickaxe":1,"minecraft:wooden_pickaxe":2},"minecraft:custom":{"minecraft:time_since_rest":54001,"minecraft:sprint_one_cm":3960,"minecraft:damage_taken":670,"minecraft:walk_one_cm":180303,"minecraft:drop":3,"minecraft:damage_dealt":50,"minecraft:interact_with_crafting_table":9,"minecraft:fly_one_cm":11029,"minecraft:player_kills":1,"minecraft:open_chest":36,"minecraft:crouch_one_cm":22138,"minecraft:play_time":59651,"minecraft:deaths":2,"minecraft:sneak_time":7452,"minecraft:walk_under_water_one_cm":25664,"minecraft:jump":220,"minecraft:leave_game":6,"minecraft:walk_on_water_one_cm":13086,"minecraft:time_since_death":53961,"minecraft:total_world_time":59859,"minecraft:fall_one_cm":5376},"minecraft:used":{"minecraft:water_bucket":23,"minecraft:lava_bucket":17,"minecraft:stone_pickaxe":131,"minecraft:chest":1,"minecraft:wooden_pickaxe":118,"minecraft:cobblestone_slab":175,"minecraft:stone_axe":2,"minecraft:dirt":25,"minecraft:cobblestone":2,"minecraft:birch_sign":1,"minecraft:bucket":38,"minecraft:ice":1},"minecraft:crafted":{"minecraft:oak_planks":24,"minecraft:cobblestone_slab":282,"minecraft:stone_shovel":1,"minecraft:stick":14,"minecraft:wooden_pickaxe":1,"minecraft:stone_pickaxe":4,"minecraft:stone_sword":2,"minecraft:stone_axe":1},"minecraft:picked_up":{"minecraft:wooden_pickaxe":1,"minecraft:lava_bucket":1,"minecraft:dirt":25,"minecraft:poppy":1,"minecraft:rooted_dirt":1,"minecraft:oak_sapling":1,"minecraft:moss_block":1,"minecraft:chest":1,"minecraft:cobblestone":227}},"DataVersion":3465}