{"stats":{"minecraft:used":{"minecraft:oak_log":1,"minecraft:dirt":13,"minecraft:sand":31,"minecraft:oak_planks":20,"tombstone:gift":2},"minecraft:custom":{"minecraft:time_since_rest":3169,"minecraft:damage_taken":620,"minecraft:play_time":8979,"minecraft:sprint_one_cm":8099,"minecraft:deaths":2,"minecraft:walk_one_cm":38914,"minecraft:walk_under_water_one_cm":534,"minecraft:mob_kills":2,"minecraft:jump":60,"minecraft:damage_dealt":256,"minecraft:leave_game":3,"minecraft:time_since_death":3522,"minecraft:walk_on_water_one_cm":827,"minecraft:total_world_time":8979,"minecraft:swim_one_cm":8950,"minecraft:fall_one_cm":755,"minecraft:fly_one_cm":2702},"minecraft:crafted":{"minecraft:oak_planks":20},"minecraft:mined":{"minecraft:grass_block":9,"minecraft:oak_log":7,"minecraft:sand":45,"minecraft:dirt":12,"luminousworld:grassvariant_4":1,"luminousworld:grassvariant_3":1,"minecraft:oak_planks":1,"minecraft:oak_leaves":3},"minecraft:picked_up":{"born_in_chaos_v1:corpse_maggot":1,"luminousworld:yellowpetunias":1,"minecraft:sand":45,"minecraft:oak_log":7,"supplementaries:ash":1,"minecraft:oak_planks":1,"minecraft:dirt":21},"minecraft:killed":{"luminousworld:monarch":1,"minecraft:spider":1},"minecraft:killed_by":{"born_in_chaos_v1:barrel_zombie":1}},"DataVersion":3465}