{"stats":{"minecraft:used":{"minecraft:oak_log":1,"minecraft:dirt":20,"minecraft:sand":31,"minecraft:oak_planks":20,"tombstone:gift":2,"tombstone:grave_key":1},"minecraft:custom":{"minecraft:time_since_rest":1,"minecraft:damage_taken":740,"minecraft:play_time":13668,"minecraft:sprint_one_cm":8329,"minecraft:walk_one_cm":58928,"minecraft:deaths":3,"minecraft:sneak_time":2,"minecraft:walk_under_water_one_cm":534,"minecraft:mob_kills":2,"minecraft:drop":1,"minecraft:jump":90,"minecraft:damage_dealt":256,"minecraft:leave_game":4,"minecraft:time_since_death":273,"minecraft:walk_on_water_one_cm":827,"minecraft:total_world_time":13668,"minecraft:swim_one_cm":8950,"minecraft:fall_one_cm":1024,"minecraft:fly_one_cm":2950},"minecraft:crafted":{"minecraft:oak_planks":20},"minecraft:mined":{"minecraft:grass_block":10,"minecraft:oak_log":7,"minecraft:sand":55,"minecraft:dirt":18,"luminousworld:grassvariant_4":1,"luminousworld:grassvariant_3":1,"minecraft:oak_planks":1,"minecraft:oak_leaves":3},"minecraft:picked_up":{"born_in_chaos_v1:corpse_maggot":1,"luminousworld:yellowpetunias":1,"minecraft:sand":55,"minecraft:oak_log":7,"supplementaries:ash":1,"minecraft:oak_planks":1,"minecraft:dirt":27},"minecraft:dropped":{"minecraft:dirt":1},"minecraft:killed":{"luminousworld:monarch":1,"minecraft:spider":1},"minecraft:killed_by":{"born_in_chaos_v1:barrel_zombie":1}},"DataVersion":3465}