{"stats":{"minecraft:mined":{"minecraft:snow":7,"minecraft:ice":5,"minecraft:grass":3,"minecraft:red_sand":1,"minecraft:grass_block":10,"minecraft:oak_log":10,"minecraft:poppy":1,"minecraft:cobblestone_slab":10,"minecraft:chest":1,"minecraft:dirt":15,"minecraft:tall_grass":1,"minecraft:cobblestone":238,"minecraft:oak_planks":4,"minecraft:moss_block":1,"minecraft:oak_leaves":5,"minecraft:rooted_dirt":1},"minecraft:dropped":{"minecraft:cobblestone_slab":65,"minecraft:bucket":1},"minecraft:broken":{"minecraft:stone_pickaxe":1,"minecraft:wooden_pickaxe":2},"minecraft:custom":{"minecraft:time_since_rest":66001,"minecraft:sprint_one_cm":4141,"minecraft:damage_taken":670,"minecraft:walk_one_cm":217049,"minecraft:drop":3,"minecraft:damage_dealt":50,"minecraft:interact_with_crafting_table":13,"minecraft:fly_one_cm":11109,"minecraft:player_kills":1,"minecraft:open_chest":60,"minecraft:crouch_one_cm":27455,"minecraft:play_time":71651,"minecraft:deaths":2,"minecraft:sneak_time":8744,"minecraft:walk_under_water_one_cm":25664,"minecraft:jump":260,"minecraft:leave_game":6,"minecraft:walk_on_water_one_cm":13536,"minecraft:time_since_death":65961,"minecraft:total_world_time":71859,"minecraft:fall_one_cm":5587},"minecraft:used":{"minecraft:water_bucket":31,"minecraft:lava_bucket":17,"minecraft:stone_shovel":8,"minecraft:stone_pickaxe":136,"minecraft:chest":3,"minecraft:wooden_pickaxe":118,"minecraft:cobblestone_slab":257,"minecraft:stone_axe":17,"minecraft:dirt":25,"minecraft:cobblestone":3,"minecraft:oak_sapling":3,"minecraft:birch_sign":1,"minecraft:bucket":47,"minecraft:ice":2},"minecraft:crafted":{"minecraft:oak_planks":64,"minecraft:cobblestone_slab":330,"minecraft:stone_shovel":1,"minecraft:stick":14,"minecraft:wooden_pickaxe":1,"minecraft:stone_pickaxe":4,"minecraft:stone_sword":2,"minecraft:chest":2,"minecraft:stone_axe":1},"minecraft:picked_up":{"minecraft:stick":5,"minecraft:wooden_pickaxe":1,"minecraft:lava_bucket":1,"minecraft:oak_log":10,"minecraft:dirt":25,"minecraft:red_sand":1,"minecraft:cobblestone_slab":9,"minecraft:poppy":1,"minecraft:rooted_dirt":1,"minecraft:oak_planks":3,"minecraft:oak_sapling":5,"minecraft:moss_block":1,"minecraft:chest":1,"minecraft:snowball":7,"minecraft:cobblestone":227}},"DataVersion":3465}