{"stats":{"minecraft:mined":{"minecraft:ice":4,"minecraft:grass":3,"minecraft:grass_block":10,"minecraft:poppy":1,"minecraft:cobblestone_slab":5,"minecraft:chest":1,"minecraft:dirt":15,"minecraft:tall_grass":1,"minecraft:cobblestone":153,"minecraft:moss_block":1,"minecraft:rooted_dirt":1},"minecraft:dropped":{"minecraft:cobblestone_slab":65,"minecraft:bucket":1},"minecraft:broken":{"minecraft:wooden_pickaxe":2},"minecraft:custom":{"minecraft:time_since_rest":42001,"minecraft:sprint_one_cm":3871,"minecraft:damage_taken":670,"minecraft:walk_one_cm":150029,"minecraft:drop":3,"minecraft:damage_dealt":50,"minecraft:interact_with_crafting_table":7,"minecraft:fly_one_cm":11029,"minecraft:player_kills":1,"minecraft:open_chest":31,"minecraft:crouch_one_cm":15618,"minecraft:play_time":47651,"minecraft:deaths":2,"minecraft:sneak_time":5229,"minecraft:walk_under_water_one_cm":20712,"minecraft:jump":204,"minecraft:leave_game":6,"minecraft:walk_on_water_one_cm":8891,"minecraft:time_since_death":41961,"minecraft:total_world_time":47859,"minecraft:fall_one_cm":5107},"minecraft:used":{"minecraft:water_bucket":22,"minecraft:lava_bucket":17,"minecraft:stone_pickaxe":45,"minecraft:chest":1,"minecraft:wooden_pickaxe":118,"minecraft:cobblestone_slab":97,"minecraft:dirt":25,"minecraft:cobblestone":2,"minecraft:birch_sign":1,"minecraft:bucket":37,"minecraft:ice":1},"minecraft:crafted":{"minecraft:oak_planks":12,"minecraft:cobblestone_slab":192,"minecraft:stick":4,"minecraft:wooden_pickaxe":1,"minecraft:stone_pickaxe":1},"minecraft:picked_up":{"minecraft:wooden_pickaxe":1,"minecraft:lava_bucket":1,"minecraft:dirt":25,"minecraft:poppy":1,"minecraft:rooted_dirt":1,"minecraft:oak_sapling":1,"minecraft:moss_block":1,"minecraft:chest":1,"minecraft:cobblestone":144}},"DataVersion":3465}