{"stats":{"minecraft:mined":{"minecraft:snow":7,"minecraft:ice":12,"minecraft:grass":3,"minecraft:red_sand":2,"minecraft:grass_block":10,"minecraft:oak_log":21,"minecraft:poppy":1,"minecraft:cobblestone_slab":39,"minecraft:chest":1,"minecraft:dirt":15,"minecraft:tall_grass":1,"minecraft:cobblestone":420,"minecraft:moss_block":1,"minecraft:stone":5,"minecraft:oak_planks":4,"minecraft:oak_leaves":7,"minecraft:rooted_dirt":1},"minecraft:dropped":{"minecraft:cobblestone_slab":65,"minecraft:bucket":1},"minecraft:broken":{"minecraft:stone_pickaxe":2,"minecraft:wooden_pickaxe":2},"minecraft:custom":{"minecraft:time_since_rest":7625,"minecraft:sprint_one_cm":5867,"minecraft:damage_taken":770,"minecraft:walk_one_cm":387685,"minecraft:mob_kills":2,"minecraft:drop":3,"minecraft:damage_dealt":560,"minecraft:interact_with_crafting_table":18,"minecraft:fly_one_cm":11940,"minecraft:player_kills":1,"minecraft:open_chest":107,"minecraft:crouch_one_cm":29485,"minecraft:play_time":108892,"minecraft:deaths":3,"minecraft:sneak_time":9935,"minecraft:walk_under_water_one_cm":55309,"minecraft:jump":432,"minecraft:leave_game":7,"minecraft:time_since_death":7602,"minecraft:total_world_time":109100,"minecraft:walk_on_water_one_cm":22854,"minecraft:fall_one_cm":6442},"minecraft:used":{"minecraft:water_bucket":88,"minecraft:lava_bucket":24,"minecraft:red_sand":2,"minecraft:stone_sword":12,"minecraft:stone_shovel":9,"minecraft:stone_pickaxe":352,"minecraft:chest":3,"minecraft:wooden_pickaxe":118,"minecraft:cobblestone_slab":301,"minecraft:melon_seeds":1,"minecraft:stone_hoe":3,"minecraft:stone_axe":29,"minecraft:dirt":25,"minecraft:cobblestone":17,"minecraft:birch_sign":1,"minecraft:ice":2,"minecraft:beetroot_seeds":2,"minecraft:oak_sapling":5,"minecraft:bucket":110,"minecraft:oak_boat":1},"minecraft:crafted":{"minecraft:oak_boat":1,"minecraft:oak_planks":108,"minecraft:cobblestone_slab":372,"minecraft:stone_shovel":1,"minecraft:melon_seeds":1,"minecraft:stick":14,"minecraft:wooden_pickaxe":1,"minecraft:stone_pickaxe":4,"minecraft:stone_sword":2,"minecraft:chest":2,"minecraft:stone_hoe":1,"minecraft:stone_axe":1},"minecraft:picked_up":{"minecraft:stick":10,"minecraft:wooden_pickaxe":1,"minecraft:lava_bucket":1,"minecraft:oak_log":21,"minecraft:dirt":25,"minecraft:rotten_flesh":1,"minecraft:beetroot_seeds":1,"minecraft:red_sand":2,"minecraft:oak_boat":1,"minecraft:cobblestone_slab":43,"minecraft:poppy":1,"minecraft:rooted_dirt":1,"minecraft:oak_sapling":11,"minecraft:moss_block":1,"minecraft:chest":1,"minecraft:oak_planks":3,"minecraft:snowball":7,"minecraft:cobblestone":405,"minecraft:ender_pearl":1},"minecraft:killed":{"minecraft:zombie":1,"minecraft:enderman":1}},"DataVersion":3465}