{"stats":{"minecraft:used":{"minecraft:dirt":1},"minecraft:picked_up":{"minecraft:dirt":1},"minecraft:mined":{"minecraft:tall_grass":1,"minecraft:grass":2,"minecraft:grass_block":1},"minecraft:custom":{"minecraft:jump":2,"minecraft:open_chest":7,"minecraft:time_since_rest":1696,"minecraft:damage_taken":520,"minecraft:leave_game":5,"minecraft:play_time":7346,"minecraft:time_since_death":1656,"minecraft:walk_one_cm":9650,"minecraft:walk_on_water_one_cm":178,"minecraft:deaths":2,"minecraft:sneak_time":36,"minecraft:total_world_time":7554,"minecraft:walk_under_water_one_cm":86,"minecraft:fly_one_cm":2114}},"DataVersion":3465}