{"stats":{"minecraft:mined":{"minecraft:red_sand":2,"minecraft:grass_block":10,"minecraft:poppy":1,"minecraft:chest":1,"minecraft:tall_grass":1,"minecraft:cobblestone":461,"minecraft:oak_planks":4,"minecraft:moss_block":1,"minecraft:rooted_dirt":1,"minecraft:snow":7,"minecraft:ice":12,"minecraft:grass":3,"minecraft:oak_log":38,"minecraft:cobblestone_slab":39,"minecraft:dirt":15,"minecraft:stone":5,"minecraft:oak_leaves":8},"minecraft:dropped":{"minecraft:cobblestone_slab":65,"minecraft:bucket":1},"minecraft:broken":{"minecraft:stone_pickaxe":3,"minecraft:wooden_pickaxe":2},"minecraft:custom":{"minecraft:mob_kills":2,"minecraft:interact_with_crafting_table":21,"minecraft:leave_game":8,"minecraft:time_since_death":8159,"minecraft:time_since_rest":8248,"minecraft:sprint_one_cm":8763,"minecraft:damage_taken":1280,"minecraft:walk_one_cm":413140,"minecraft:drop":3,"minecraft:damage_dealt":610,"minecraft:fly_one_cm":14321,"minecraft:player_kills":1,"minecraft:open_chest":119,"minecraft:crouch_one_cm":29657,"minecraft:play_time":118641,"minecraft:deaths":4,"minecraft:sneak_time":9972,"minecraft:walk_under_water_one_cm":60258,"minecraft:jump":454,"minecraft:walk_on_water_one_cm":23630,"minecraft:total_world_time":118849,"minecraft:fall_one_cm":6860},"minecraft:used":{"minecraft:water_bucket":88,"minecraft:red_sand":2,"minecraft:stone_sword":12,"minecraft:stone_shovel":9,"minecraft:stone_pickaxe":393,"minecraft:chest":5,"minecraft:wooden_pickaxe":118,"minecraft:cobblestone_slab":305,"minecraft:stone_hoe":8,"minecraft:dirt":25,"minecraft:birch_sign":1,"minecraft:snowball":6,"minecraft:lava_bucket":24,"minecraft:melon_seeds":1,"minecraft:stone_axe":47,"minecraft:cobblestone":17,"minecraft:oak_sapling":5,"minecraft:beetroot_seeds":3,"minecraft:bucket":110,"minecraft:ice":2,"minecraft:oak_boat":1},"minecraft:killed_by":{"minecraft:creeper":1},"minecraft:crafted":{"minecraft:oak_planks":108,"minecraft:cobblestone_slab":372,"minecraft:stone_shovel":1,"minecraft:wooden_pickaxe":1,"minecraft:stone_axe":2,"minecraft:oak_boat":1,"minecraft:melon_seeds":1,"minecraft:stick":14,"minecraft:stone_pickaxe":4,"minecraft:stone_sword":2,"minecraft:chest":3,"minecraft:stone_hoe":1},"minecraft:picked_up":{"minecraft:clock":1,"minecraft:brown_mushroom":1,"minecraft:wooden_pickaxe":1,"minecraft:red_mushroom":1,"minecraft:filled_map":3,"minecraft:oak_log":38,"minecraft:string":2,"minecraft:dirt":25,"minecraft:moss_carpet":1,"minecraft:piglin_head":1,"minecraft:red_sand":16,"minecraft:bucket":1,"minecraft:stone_pickaxe":1,"minecraft:oak_boat":2,"minecraft:cobblestone_slab":92,"minecraft:poppy":2,"minecraft:birch_sapling":1,"minecraft:sugar_cane":1,"minecraft:moss_block":2,"minecraft:stone_hoe":1,"minecraft:chest":2,"minecraft:oak_planks":75,"minecraft:stick":18,"minecraft:lava_bucket":1,"minecraft:pointed_dripstone":1,"minecraft:cactus":1,"minecraft:stone_sword":1,"minecraft:stone_shovel":1,"minecraft:rotten_flesh":2,"minecraft:beetroot_seeds":2,"minecraft:rooted_dirt":2,"minecraft:oak_sapling":16,"minecraft:snowball":20,"minecraft:cobblestone":665,"minecraft:ender_pearl":2},"minecraft:killed":{"minecraft:zombie":1,"minecraft:enderman":1}},"DataVersion":3465}