{"stats":{"minecraft:used":{"minecraft:oak_log":1,"minecraft:lava_bucket":5,"minecraft:oak_planks":20,"tombstone:grave_key":1,"aether:vampire_blade":12,"minecraft:dirt":20,"minecraft:sand":31,"tombstone:gift":2},"minecraft:custom":{"minecraft:time_since_rest":21898,"minecraft:sprint_one_cm":8917,"minecraft:damage_taken":740,"minecraft:walk_one_cm":89980,"minecraft:mob_kills":6,"minecraft:drop":3,"minecraft:damage_dealt":1097,"minecraft:swim_one_cm":8950,"minecraft:fly_one_cm":618954,"minecraft:open_chest":1,"minecraft:crouch_one_cm":262,"minecraft:play_time":37668,"minecraft:deaths":3,"minecraft:sneak_time":1681,"minecraft:walk_under_water_one_cm":2177,"minecraft:damage_dealt_resisted":880,"minecraft:jump":117,"minecraft:leave_game":4,"minecraft:walk_on_water_one_cm":843,"minecraft:time_since_death":24273,"minecraft:total_world_time":37668,"minecraft:fall_one_cm":1024},"minecraft:crafted":{"minecraft:oak_planks":20},"minecraft:mined":{"luminousworld:grassvariant_4":1,"minecraft:grass_block":10,"minecraft:oak_log":7,"minecraft:dirt":18,"minecraft:sand":55,"luminousworld:grassvariant_3":1,"minecraft:oak_planks":1,"minecraft:oak_leaves":3},"minecraft:picked_up":{"quark:vertical_oak_planks":2,"born_in_chaos_v1:corpse_maggot":1,"minecraft:feather":2,"minecraft:chicken":1,"minecraft:porkchop":1,"minecraft:sand":55,"minecraft:oak_log":7,"born_in_chaos_v1:pieceofdarkmetal":3,"minecraft:dirt":27,"minecraft:bone":2,"minecraft:slime_ball":4,"minecraft:rotten_flesh":4,"iceandfire:bestiary":2,"luminousworld:yellowpetunias":1,"supplementaries:ash":1,"minecraft:oak_planks":1},"minecraft:dropped":{"minecraft:dirt":1,"quark:vertical_oak_planks":2,"iceandfire:bestiary":1},"minecraft:killed":{"luminousworld:crab":1,"minecraft:pig":1,"minecraft:chicken":1,"luminousworld:monarch":1,"minecraft:spider":1},"minecraft:killed_by":{"born_in_chaos_v1:barrel_zombie":1}},"DataVersion":3465}