{"stats":{"minecraft:picked_up":{"minecraft:wooden_pickaxe":1,"minecraft:lava_bucket":1,"minecraft:dirt":25,"minecraft:poppy":1,"minecraft:rooted_dirt":1,"minecraft:oak_sapling":1,"minecraft:moss_block":1,"minecraft:chest":1,"minecraft:cobblestone":113},"minecraft:broken":{"minecraft:wooden_pickaxe":2},"minecraft:dropped":{"minecraft:cobblestone_slab":65,"minecraft:bucket":1},"minecraft:mined":{"minecraft:ice":4,"minecraft:grass":3,"minecraft:grass_block":10,"minecraft:poppy":1,"minecraft:cobblestone_slab":5,"minecraft:chest":1,"minecraft:dirt":15,"minecraft:tall_grass":1,"minecraft:cobblestone":118,"minecraft:moss_block":1,"minecraft:rooted_dirt":1},"minecraft:used":{"minecraft:water_bucket":17,"minecraft:lava_bucket":15,"minecraft:stone_pickaxe":6,"minecraft:chest":1,"minecraft:wooden_pickaxe":118,"minecraft:cobblestone_slab":97,"minecraft:dirt":25,"minecraft:cobblestone":2,"minecraft:birch_sign":1,"minecraft:bucket":30,"minecraft:ice":1},"minecraft:crafted":{"minecraft:oak_planks":12,"minecraft:cobblestone_slab":192,"minecraft:stick":4,"minecraft:wooden_pickaxe":1,"minecraft:stone_pickaxe":1},"minecraft:custom":{"minecraft:time_since_rest":37910,"minecraft:walk_one_cm":128015,"minecraft:sprint_one_cm":3871,"minecraft:damage_taken":670,"minecraft:drop":3,"minecraft:damage_dealt":50,"minecraft:player_kills":1,"minecraft:interact_with_crafting_table":7,"minecraft:fly_one_cm":11029,"minecraft:open_chest":26,"minecraft:crouch_one_cm":15382,"minecraft:play_time":43560,"minecraft:deaths":2,"minecraft:sneak_time":5184,"minecraft:walk_under_water_one_cm":18857,"minecraft:jump":192,"minecraft:leave_game":6,"minecraft:time_since_death":37870,"minecraft:walk_on_water_one_cm":8163,"minecraft:total_world_time":43768,"minecraft:fall_one_cm":4840}},"DataVersion":3465}