{"stats":{"minecraft:used":{"minecraft:oak_log":1,"minecraft:oak_planks":20,"tombstone:grave_key":1,"minecraft:dirt":20,"minecraft:sand":31,"tombstone:gift":2},"minecraft:custom":{"minecraft:time_since_rest":9898,"minecraft:sprint_one_cm":8917,"minecraft:damage_taken":740,"minecraft:walk_one_cm":65006,"minecraft:mob_kills":3,"minecraft:drop":1,"minecraft:damage_dealt":306,"minecraft:swim_one_cm":8950,"minecraft:fly_one_cm":372114,"minecraft:crouch_one_cm":92,"minecraft:play_time":25668,"minecraft:deaths":3,"minecraft:sneak_time":1095,"minecraft:walk_under_water_one_cm":2177,"minecraft:jump":101,"minecraft:leave_game":4,"minecraft:walk_on_water_one_cm":827,"minecraft:time_since_death":12273,"minecraft:total_world_time":25668,"minecraft:fall_one_cm":1024},"minecraft:crafted":{"minecraft:oak_planks":20},"minecraft:mined":{"luminousworld:grassvariant_4":1,"minecraft:grass_block":10,"minecraft:oak_log":7,"minecraft:dirt":18,"minecraft:sand":55,"luminousworld:grassvariant_3":1,"minecraft:oak_planks":1,"minecraft:oak_leaves":3},"minecraft:picked_up":{"born_in_chaos_v1:corpse_maggot":1,"minecraft:feather":2,"minecraft:chicken":1,"minecraft:sand":55,"minecraft:oak_log":7,"minecraft:dirt":27,"luminousworld:yellowpetunias":1,"supplementaries:ash":1,"minecraft:oak_planks":1},"minecraft:dropped":{"minecraft:dirt":1},"minecraft:killed":{"minecraft:chicken":1,"luminousworld:monarch":1,"minecraft:spider":1},"minecraft:killed_by":{"born_in_chaos_v1:barrel_zombie":1}},"DataVersion":3465}