{"stats":{"minecraft:mined":{"minecraft:grass":1,"minecraft:oak_log":2,"minecraft:grass_block":6,"minecraft:chest":1,"minecraft:dirt":16,"minecraft:cobblestone":2,"minecraft:tall_grass":1,"minecraft:ice":2,"minecraft:oak_leaves":7,"minecraft:rooted_dirt":1},"minecraft:dropped":{"minecraft:filled_map":1,"minecraft:lava_bucket":3,"minecraft:diamond_pickaxe":1},"minecraft:custom":{"minecraft:time_since_rest":3281,"minecraft:open_chest":17,"minecraft:crouch_one_cm":8332,"minecraft:sprint_one_cm":69,"minecraft:play_time":20816,"minecraft:deaths":2,"minecraft:damage_taken":530,"minecraft:walk_one_cm":42136,"minecraft:sneak_time":2784,"minecraft:walk_under_water_one_cm":86,"minecraft:drop":5,"minecraft:jump":28,"minecraft:damage_dealt":10,"minecraft:leave_game":2,"minecraft:walk_on_water_one_cm":1347,"minecraft:time_since_death":3257,"minecraft:total_world_time":20898,"minecraft:fall_one_cm":629,"minecraft:fly_one_cm":2279},"minecraft:used":{"minecraft:lava_bucket":7,"minecraft:dirt":19,"minecraft:rooted_dirt":1,"minecraft:bucket":7,"minecraft:ice":1,"minecraft:chest":1,"minecraft:wooden_pickaxe":2},"minecraft:picked_up":{"minecraft:wooden_pickaxe":1,"minecraft:lava_bucket":2,"minecraft:rooted_dirt":1,"minecraft:chest":1,"minecraft:dirt":19,"minecraft:cobblestone":2,"minecraft:diamond_pickaxe":1}},"DataVersion":3465}