{
  "iceandfire:iceandfire/root": {
    "criteria": {
      "tick": "2024-10-22 02:14:23 +0000"
    },
    "done": true
  },
  "takesapillage:root": {
    "criteria": {
      "always": "2024-10-22 02:14:23 +0000"
    },
    "done": true
  },
  "explorerscompass:explorers_compass_cracked_stone_bricks": {
    "criteria": {
      "has_recipe": "2024-10-22 02:14:23 +0000"
    },
    "done": true
  },
  "dungeons_arise:wda_root": {
    "criteria": {
      "WDA": "2024-10-22 02:14:23 +0000"
    },
    "done": true
  },
  "tombstone:adventure/halloween": {
    "criteria": {
      "coded_trigger": "2024-10-22 02:14:23 +0000"
    },
    "done": true
  },
  "undead_revamp2:theundeadchallenges": {
    "criteria": {
      "theundeadchallenges": "2024-10-22 02:14:23 +0000"
    },
    "done": true
  },
  "friendsandfoes:misc/yellow_dye_from_buttercup": {
    "criteria": {
      "has_the_recipe": "2024-10-22 02:14:23 +0000"
    },
    "done": true
  },
  "naturescompass:natures_compass_log": {
    "criteria": {
      "has_recipe": "2024-10-22 02:14:23 +0000"
    },
    "done": true
  },
  "naturescompass:natures_compass": {
    "criteria": {
      "has_recipe": "2024-10-22 02:14:23 +0000"
    },
    "done": true
  },
  "naturescompass:natures_compass_sapling": {
    "criteria": {
      "has_recipe": "2024-10-22 02:14:23 +0000"
    },
    "done": true
  },
  "mowziesmobs:root": {
    "criteria": {
      "custom_test_name": "2024-10-22 02:14:23 +0000"
    },
    "done": true
  },
  "betterdungeons:root": {
    "criteria": {
      "always": "2024-10-22 02:14:23 +0000"
    },
    "done": true
  },
  "placeablesmod:placeables": {
    "criteria": {
      "placeables": "2024-10-22 02:14:23 +0000"
    },
    "done": true
  },
  "explorerscompass:explorers_compass_cobweb": {
    "criteria": {
      "has_recipe": "2024-10-22 02:14:23 +0000"
    },
    "done": true
  },
  "eeeabsmobs:eeeabsmobs/root": {
    "criteria": {
      "requirement": "2024-10-22 02:14:23 +0000"
    },
    "done": true
  },
  "betterdeserttemples:root": {
    "criteria": {
      "always": "2024-10-22 02:14:23 +0000"
    },
    "done": true
  },
  "cataclysm:root": {
    "criteria": {
      "custom_test_name": "2024-10-22 02:14:23 +0000"
    },
    "done": true
  },
  "incendium:technical/new_player": {
    "criteria": {
      "requirement": "2024-10-22 02:14:23 +0000"
    },
    "done": true
  },
  "explorerscompass:explorers_compass": {
    "criteria": {
      "has_recipe": "2024-10-22 02:14:23 +0000"
    },
    "done": true
  },
  "incendium:technical/scroll_of_returning": {
    "criteria": {
      "log_spam_fixer": "2024-10-22 02:14:24 +0000"
    },
    "done": false
  },
  "incendium:technical/using/ragnarok": {
    "criteria": {
      "log_spam_fixer": "2024-10-22 02:14:24 +0000"
    },
    "done": false
  },
  "incendium:technical/using/trailblazer": {
    "criteria": {
      "log_spam_fixer": "2024-10-22 02:14:24 +0000"
    },
    "done": false
  },
  "minecraft:adventure/adventuring_time": {
    "criteria": {
      "minecraft:deep_ocean": "2024-10-22 02:48:29 +0000",
      "minecraft:birch_forest": "2024-10-22 02:43:44 +0000",
      "minecraft:savanna_plateau": "2024-10-22 02:54:41 +0000",
      "minecraft:beach": "2024-10-22 02:16:07 +0000",
      "minecraft:dark_forest": "2024-10-22 02:44:26 +0000",
      "minecraft:sparse_jungle": "2024-10-22 02:51:51 +0000",
      "minecraft:river": "2024-10-22 02:16:40 +0000",
      "minecraft:lukewarm_ocean": "2024-10-22 02:51:59 +0000",
      "minecraft:stony_shore": "2024-10-22 02:51:43 +0000",
      "minecraft:cold_ocean": "2024-10-22 02:59:35 +0000",
      "minecraft:forest": "2024-10-22 02:14:24 +0000",
      "minecraft:lush_caves": "2024-10-22 02:44:24 +0000",
      "minecraft:deep_cold_ocean": "2024-10-22 02:59:30 +0000",
      "minecraft:jungle": "2024-10-22 02:19:16 +0000",
      "minecraft:ocean": "2024-10-22 02:48:22 +0000",
      "minecraft:old_growth_birch_forest": "2024-10-22 02:43:55 +0000",
      "minecraft:savanna": "2024-10-22 02:53:57 +0000",
      "minecraft:plains": "2024-10-22 02:52:26 +0000"
    },
    "done": false
  },
  "incendium:technical/using/shield": {
    "criteria": {
      "log_spam_fixer": "2024-10-22 02:14:24 +0000"
    },
    "done": false
  },
  "tombstone:adventure/root": {
    "criteria": {
      "auto": "2024-10-22 02:14:24 +0000"
    },
    "done": true
  },
  "tombstone:adventure/first_grave": {
    "criteria": {
      "coded_trigger": "2024-10-22 02:18:55 +0000"
    },
    "done": true
  },
  "tombstone:recipes/from_grave_key": {
    "criteria": {
      "has_ingredient": "2024-10-22 02:18:56 +0000"
    },
    "done": true
  },
  "tombstone:adventure/enchant_grave_key": {
    "criteria": {
      "has_upgraded_grave_key": "2024-10-22 02:18:56 +0000"
    },
    "done": true
  },
  "tombstone:adventure/cancel_ghostly_shape": {
    "criteria": {
      "coded_trigger": "2024-10-22 02:18:59 +0000"
    },
    "done": true
  },
  "tombstone:recipes/from_grave_dust": {
    "criteria": {
      "has_ingredient": "2024-10-22 02:19:25 +0000"
    },
    "done": true
  },
  "mutantmonsters:root": {
    "criteria": {
      "killed_by_something": "2024-10-22 02:19:46 +0000"
    },
    "done": true
  },
  "minecraft:adventure/root": {
    "criteria": {
      "killed_by_something": "2024-10-22 02:19:46 +0000"
    },
    "done": true
  },
  "minecraft:adventure/kill_all_mobs": {
    "criteria": {
      "minecraft:spider": "2024-10-22 02:20:30 +0000"
    },
    "done": false
  },
  "minecraft:adventure/kill_a_mob": {
    "criteria": {
      "minecraft:spider": "2024-10-22 02:20:30 +0000"
    },
    "done": true
  },
  "minecraft:story/lava_bucket": {
    "criteria": {
      "lava_bucket": "2024-10-22 02:58:17 +0000"
    },
    "done": true
  },
  "supplementaries:adventure/way_sign": {
    "criteria": {
      "bastion": "2024-10-22 02:55:01 +0000"
    },
    "done": true
  },
  "dungeons_arise:find_illager_corsair_or_illager_galley": {
    "criteria": {
      "location1": "2024-10-22 02:48:39 +0000"
    },
    "done": true
  },
  "iceandfire:iceandfire/bestiary": {
    "criteria": {
      "bestiary": "2024-10-22 03:00:35 +0000"
    },
    "done": true
  },
  "dungeons_arise:find_bathhouse": {
    "criteria": {
      "location0": "2024-10-22 02:47:40 +0000"
    },
    "done": true
  },
  "eeeabsmobs:eeeabsmobs/guling": {
    "criteria": {
      "requirement": "2024-10-22 02:44:41 +0000"
    },
    "done": true
  },
  "DataVersion": 3465
}