{
  "minecraft:recipes/decorations/crafting_table": {
    "criteria": {
      "unlock_right_away": "2024-11-17 20:18:20 +0000"
    },
    "done": true
  },
  "minecraft:adventure/adventuring_time": {
    "criteria": {
      "minecraft:mushroom_fields": "2024-11-17 20:18:32 +0000",
      "minecraft:deep_ocean": "2024-11-17 20:18:37 +0000",
      "minecraft:cherry_grove": "2024-11-17 20:18:42 +0000",
      "minecraft:dripstone_caves": "2024-11-17 20:19:22 +0000",
      "minecraft:snowy_taiga": "2024-11-17 20:18:20 +0000",
      "minecraft:swamp": "2024-11-17 20:19:37 +0000",
      "minecraft:desert": "2024-11-17 20:19:47 +0000",
      "minecraft:jungle": "2024-11-17 20:19:42 +0000",
      "minecraft:ocean": "2024-11-17 20:19:17 +0000",
      "minecraft:deep_dark": "2024-11-17 20:19:32 +0000",
      "minecraft:meadow": "2024-11-17 20:19:27 +0000",
      "minecraft:plains": "2024-11-17 20:19:52 +0000"
    },
    "done": false
  },
  "minecraft:nether/explore_nether": {
    "criteria": {
      "minecraft:nether_wastes": "2024-11-17 20:19:57 +0000"
    },
    "done": false
  },
  "minecraft:story/enter_the_nether": {
    "criteria": {
      "entered_nether": "2024-11-17 20:19:57 +0000"
    },
    "done": true
  },
  "DataVersion": 3465
}